rank,player,team,pos,age,games,games_started,cmp,pass_att,pass_yds,pass_td,int,rush_att,rush_yds,yds_per_att,rush_td,tgt,rec,rec_yds,yds_per_rec,rec_td,fmb,fmb_lost,total_td,two_pt_made,two_pt_pass,fantasy_pts,ppr_pts,draftkings_pts,fanduel_pts,value_based_draft,pos_rank,ovr_rank
1,Saquon Barkley,PHI,RB,27,16,16,0.0,0.0,0.0,0.0,0.0,345.0,2005.0,5.81,13.0,43.0,33.0,278.0,8.42,2.0,2.0,1.0,15,3.0,,322.0,355.3,362.3,338.8,163.0,1,1.0
2,Derrick Henry,BAL,RB,30,17,17,0.0,0.0,0.0,0.0,0.0,325.0,1921.0,5.91,16.0,22.0,19.0,193.0,10.16,2.0,3.0,1.0,18,,,317.0,336.4,343.4,326.9,159.0,2,2.0
3,Jahmyr Gibbs,DET,RB,22,17,4,0.0,0.0,0.0,0.0,0.0,250.0,1412.0,5.65,16.0,63.0,52.0,517.0,9.94,4.0,1.0,1.0,20,,,311.0,362.9,369.9,336.9,153.0,3,3.0
4,Lamar Jackson,BAL,QB,27,17,17,316.0,474.0,4172.0,41.0,4.0,139.0,915.0,6.58,4.0,0.0,0.0,0.0,,0.0,10.0,5.0,4,1.0,,430.0,430.4,445.4,434.4,140.0,1,4.0
5,Ja'Marr Chase,CIN,WR,24,17,16,0.0,0.0,0.0,0.0,0.0,3.0,32.0,10.67,0.0,175.0,127.0,1708.0,13.45,17.0,0.0,0.0,17,,,276.0,403.0,406.0,339.5,138.0,1,5.0
6,Bijan Robinson,ATL,RB,22,17,17,0.0,0.0,0.0,0.0,0.0,304.0,1456.0,4.79,14.0,72.0,61.0,431.0,7.07,1.0,1.0,0.0,15,1.0,,281.0,341.7,347.7,311.2,124.0,4,6.0
7,Josh Jacobs,GB,RB,26,17,17,0.0,0.0,0.0,0.0,0.0,301.0,1329.0,4.42,15.0,43.0,36.0,342.0,9.5,1.0,4.0,3.0,16,,,257.0,293.1,302.1,275.1,102.0,5,7.0
8,Josh Allen,BUF,QB,28,17,17,307.0,483.0,3731.0,28.0,6.0,102.0,531.0,5.21,12.0,0.0,0.0,7.0,,1.0,5.0,2.0,13,,1.0,379.0,379.0,393.0,385.0,91.0,2,8.0
9,Joe Burrow,CIN,QB,28,17,17,460.0,652.0,4918.0,43.0,9.0,42.0,201.0,4.79,2.0,0.0,0.0,0.0,,0.0,11.0,5.0,2,,,373.0,372.8,392.8,381.8,85.0,3,9.0
10,Kyren Williams,LAR,RB,24,16,16,0.0,0.0,0.0,0.0,0.0,316.0,1299.0,4.11,14.0,40.0,34.0,182.0,5.35,2.0,5.0,3.0,16,,,238.0,272.1,281.1,255.1,84.0,6,10.0
11,James Cook,BUF,RB,25,16,16,0.0,0.0,0.0,0.0,0.0,207.0,1009.0,4.87,16.0,38.0,32.0,258.0,8.06,2.0,1.0,0.0,18,,,235.0,266.7,272.7,250.7,81.0,7,11.0
12,Justin Jefferson,MIN,WR,25,17,17,1.0,1.0,22.0,0.0,0.0,1.0,3.0,3.0,0.0,154.0,103.0,1533.0,14.88,10.0,1.0,0.0,10,,,214.0,317.5,320.5,266.0,80.0,2,12.0
13,Baker Mayfield,TB,QB,29,17,17,407.0,570.0,4500.0,41.0,16.0,60.0,378.0,6.3,3.0,0.0,0.0,0.0,,0.0,13.0,2.0,3,,1.0,366.0,365.8,389.8,381.8,79.0,4,13.0
14,Jonathan Taylor,IND,RB,25,14,13,0.0,0.0,0.0,0.0,0.0,303.0,1431.0,4.72,11.0,31.0,18.0,136.0,7.56,1.0,4.0,1.0,12,,,227.0,244.7,251.7,235.7,74.0,8,14.0
15,George Kittle,SF,TE,31,15,15,0.0,0.0,0.0,0.0,0.0,0.0,0.0,,0.0,94.0,78.0,1106.0,14.18,8.0,0.0,0.0,8,,,159.0,236.6,239.6,197.6,70.0,1,15.0
16,Jayden Daniels,WAS,QB,24,17,17,331.0,480.0,3568.0,25.0,9.0,148.0,891.0,6.02,6.0,0.0,0.0,0.0,,0.0,5.0,0.0,6,1.0,2.0,356.0,355.8,370.8,364.8,69.0,5,16.0
17,De'Von Achane,MIA,RB,23,17,16,0.0,0.0,0.0,0.0,0.0,203.0,907.0,4.47,6.0,87.0,78.0,592.0,7.59,6.0,1.0,0.0,12,,,222.0,299.9,305.9,260.9,69.0,9,17.0
18,Amon-Ra St. Brown,DET,WR,25,17,17,1.0,1.0,7.0,1.0,0.0,2.0,6.0,3.0,0.0,141.0,115.0,1263.0,10.98,12.0,1.0,1.0,12,,,201.0,316.2,320.2,258.7,67.0,3,18.0
19,Brian Thomas,JAC,WR,22,17,16,0.0,0.0,0.0,0.0,0.0,6.0,48.0,8.0,0.0,133.0,87.0,1282.0,14.74,10.0,0.0,0.0,10,2.0,,197.0,284.0,287.0,240.5,63.0,4,19.0
20,Brock Bowers,LV,TE,22,17,16,0.0,0.0,0.0,0.0,0.0,5.0,13.0,2.6,0.0,153.0,112.0,1194.0,10.66,5.0,0.0,0.0,5,,,151.0,262.7,265.7,206.7,63.0,2,20.0
21,James Conner,ARI,RB,29,16,16,0.0,0.0,0.0,0.0,0.0,236.0,1094.0,4.64,8.0,55.0,47.0,414.0,8.81,1.0,4.0,1.0,9,2.0,,207.0,253.8,260.8,230.3,55.0,10,21.0
22,Joe Mixon,HOU,RB,28,14,14,0.0,1.0,0.0,0.0,0.0,245.0,1016.0,4.15,11.0,52.0,36.0,309.0,8.58,1.0,0.0,0.0,12,,,205.0,240.5,246.5,222.5,53.0,11,22.0
23,Terry McLaurin,WAS,WR,29,17,17,0.0,0.0,0.0,0.0,0.0,2.0,2.0,1.0,0.0,117.0,82.0,1096.0,13.37,13.0,1.0,1.0,13,,,186.0,267.8,271.8,226.8,53.0,5,23.0
24,Trey McBride,ARI,TE,25,16,16,0.0,0.0,0.0,0.0,0.0,1.0,2.0,2.0,1.0,147.0,111.0,1146.0,10.32,2.0,0.0,0.0,4,,,139.0,249.8,252.8,194.3,51.0,3,24.0
25,Chase Brown,CIN,RB,24,16,10,0.0,0.0,0.0,0.0,0.0,229.0,990.0,4.32,7.0,65.0,54.0,360.0,6.67,4.0,2.0,1.0,11,1.0,,201.0,255.0,262.0,228.0,49.0,12,25.0
26,Drake London,ATL,WR,23,17,17,0.0,0.0,0.0,0.0,0.0,1.0,-3.0,-3.0,0.0,158.0,100.0,1271.0,12.71,9.0,0.0,0.0,9,,,181.0,280.8,283.8,230.8,48.0,6,26.0
27,Chuba Hubbard,CAR,RB,25,15,15,0.0,0.0,0.0,0.0,0.0,250.0,1195.0,4.78,10.0,54.0,43.0,171.0,3.98,1.0,4.0,3.0,11,1.0,,199.0,241.6,250.6,220.1,47.0,13,27.0
28,Jonnu Smith,MIA,TE,29,17,6,0.0,0.0,0.0,0.0,0.0,2.0,-1.0,-0.5,0.0,111.0,88.0,884.0,10.05,8.0,2.0,1.0,8,,,134.0,222.3,226.3,178.3,47.0,4,28.0
29,Mark Andrews,BAL,TE,29,17,13,0.0,0.0,0.0,0.0,0.0,4.0,5.0,1.25,0.0,69.0,55.0,673.0,12.24,11.0,0.0,0.0,11,,,134.0,188.8,191.8,161.3,47.0,5,29.0
30,Bucky Irving,TB,RB,22,17,3,0.0,0.0,0.0,0.0,0.0,207.0,1122.0,5.42,8.0,52.0,47.0,392.0,8.34,0.0,2.0,1.0,8,,,197.0,244.4,251.4,220.9,46.0,14,30.0
31,Alvin Kamara,NO,RB,29,14,14,0.0,0.0,0.0,0.0,0.0,228.0,950.0,4.17,6.0,89.0,68.0,543.0,7.99,2.0,1.0,0.0,8,,,197.0,265.3,271.3,231.3,46.0,15,31.0
32,Aaron Jones Sr.,MIN,RB,30,17,17,0.0,0.0,0.0,0.0,0.0,255.0,1138.0,4.46,5.0,62.0,51.0,408.0,8.0,2.0,5.0,3.0,7,,,191.0,241.6,250.6,216.1,40.0,16,32.0
33,Jared Goff,DET,QB,30,17,17,390.0,539.0,4629.0,37.0,12.0,35.0,56.0,1.6,0.0,1.0,1.0,7.0,7.0,1.0,6.0,0.0,1,,1.0,323.0,324.5,339.5,336.0,39.0,6,33.0
34,David Montgomery,DET,RB,27,14,14,1.0,1.0,3.0,1.0,0.0,185.0,775.0,4.19,12.0,38.0,36.0,341.0,9.47,0.0,2.0,1.0,12,,,186.0,221.7,228.7,203.7,35.0,17,34.0
35,Mike Evans,TB,WR,31,14,14,0.0,0.0,0.0,0.0,0.0,0.0,0.0,,0.0,110.0,74.0,1004.0,13.57,11.0,0.0,0.0,11,,,166.0,240.4,243.4,203.4,35.0,7,35.0
36,Breece Hall,NYJ,RB,23,16,16,0.0,0.0,0.0,0.0,0.0,209.0,876.0,4.19,5.0,76.0,57.0,483.0,8.47,3.0,6.0,2.0,8,2.0,,184.0,240.9,248.9,212.4,33.0,18,36.0
37,Malik Nabers,NYG,WR,21,15,13,0.0,1.0,0.0,0.0,0.0,5.0,2.0,0.4,0.0,170.0,109.0,1204.0,11.05,7.0,1.0,0.0,7,1.0,,165.0,273.6,276.6,219.1,33.0,8,37.0
38,Bo Nix,DEN,QB,24,17,17,376.0,567.0,3775.0,29.0,12.0,92.0,430.0,4.67,4.0,1.0,1.0,2.0,2.0,1.0,3.0,0.0,5,,,316.0,317.2,335.2,328.7,32.0,7,38.0
39,Jalen Hurts,PHI,QB,26,15,15,248.0,361.0,2903.0,18.0,5.0,150.0,630.0,4.2,14.0,0.0,0.0,0.0,,0.0,9.0,5.0,14,,,315.0,315.1,331.1,320.1,31.0,8,39.0
40,CeeDee Lamb,DAL,WR,25,15,15,0.0,0.0,0.0,0.0,0.0,14.0,70.0,5.0,0.0,152.0,101.0,1194.0,11.82,6.0,1.0,1.0,6,1.0,,162.0,263.4,267.4,212.9,31.0,9,40.0
41,Sam LaPorta,DET,TE,23,16,16,0.0,0.0,0.0,0.0,0.0,0.0,0.0,,0.0,83.0,60.0,726.0,12.1,7.0,0.0,0.0,7,,,115.0,174.6,177.6,144.6,29.0,6,41.0
42,Courtland Sutton,DEN,WR,29,17,13,2.0,2.0,30.0,1.0,0.0,0.0,0.0,,0.0,135.0,81.0,1081.0,13.35,8.0,1.0,1.0,8,,,159.0,240.3,244.3,199.8,28.0,10,42.0
43,Ladd McConkey,LAC,WR,23,16,14,0.0,0.0,0.0,0.0,0.0,0.0,0.0,,0.0,112.0,82.0,1149.0,14.01,7.0,2.0,0.0,7,1.0,,159.0,240.9,243.9,199.9,28.0,11,43.0
44,Tucker Kraft,GB,TE,24,17,17,0.0,0.0,0.0,0.0,0.0,3.0,6.0,2.0,0.0,70.0,50.0,707.0,14.14,7.0,1.0,1.0,7,1.0,,113.0,163.3,167.3,138.3,27.0,7,44.0
45,Zach Ertz,WAS,TE,34,17,17,0.0,0.0,0.0,0.0,0.0,0.0,0.0,,0.0,91.0,66.0,654.0,9.91,7.0,1.0,0.0,7,2.0,,111.0,177.4,180.4,144.4,26.0,8,45.0
46,Davante Adams,2TM,WR,32,14,14,0.0,0.0,0.0,0.0,0.0,0.0,0.0,,0.0,141.0,85.0,1063.0,12.51,8.0,0.0,0.0,8,1.0,,156.0,241.3,244.3,198.8,25.0,12,46.0
47,Sam Darnold,MIN,QB,27,17,17,361.0,545.0,4319.0,35.0,12.0,67.0,212.0,3.16,1.0,0.0,0.0,0.0,,0.0,8.0,4.0,1,,,308.0,308.0,330.0,320.0,24.0,9,47.0
48,Jameson Williams,DET,WR,23,15,11,0.0,0.0,0.0,0.0,0.0,11.0,61.0,5.55,1.0,91.0,58.0,1001.0,17.26,7.0,0.0,0.0,8,,,154.0,212.2,215.2,183.2,23.0,13,48.0
49,D'Andre Swift,CHI,RB,25,17,17,0.0,0.0,0.0,0.0,0.0,253.0,959.0,3.79,6.0,52.0,42.0,386.0,9.19,0.0,2.0,0.0,6,1.0,,173.0,214.5,220.5,193.5,22.0,19,49.0
50,Jaxon Smith-Njigba,SEA,WR,22,17,16,1.0,1.0,35.0,0.0,0.0,5.0,26.0,5.2,0.0,137.0,100.0,1130.0,11.3,6.0,1.0,0.0,6,,,153.0,253.0,256.0,203.0,22.0,14,50.0
51,Jerry Jeudy,CLE,WR,25,17,16,0.0,0.0,0.0,0.0,0.0,0.0,0.0,,0.0,145.0,90.0,1229.0,13.66,4.0,0.0,0.0,4,2.0,,151.0,240.9,243.9,195.9,20.0,15,51.0
52,Garrett Wilson,NYJ,WR,24,17,17,0.0,0.0,0.0,0.0,0.0,2.0,5.0,2.5,0.0,154.0,101.0,1104.0,10.93,7.0,2.0,2.0,7,1.0,,151.0,251.9,256.9,201.4,20.0,16,52.0
53,Najee Harris,PIT,RB,26,17,17,0.0,0.0,0.0,0.0,0.0,263.0,1043.0,3.97,6.0,48.0,36.0,283.0,7.86,0.0,0.0,0.0,6,,,169.0,204.6,210.6,186.6,19.0,20,53.0
54,Jordan Addison,MIN,WR,22,15,15,0.0,0.0,0.0,0.0,0.0,3.0,20.0,6.67,1.0,99.0,63.0,875.0,13.89,9.0,0.0,0.0,10,,,150.0,212.5,215.5,181.0,19.0,18,54.0
55,A.J. Brown,PHI,WR,27,13,13,0.0,0.0,0.0,0.0,0.0,0.0,0.0,,0.0,97.0,67.0,1079.0,16.1,7.0,0.0,0.0,7,,,150.0,216.9,219.9,183.4,19.0,17,55.0
56,Tee Higgins,CIN,WR,25,12,9,0.0,0.0,0.0,0.0,0.0,0.0,0.0,,0.0,109.0,73.0,911.0,12.48,10.0,1.0,1.0,10,,,149.0,222.1,226.1,185.6,18.0,19,56.0
57,Pat Freiermuth,PIT,TE,26,17,11,0.0,0.0,0.0,0.0,0.0,0.0,0.0,,0.0,78.0,65.0,653.0,10.05,7.0,3.0,2.0,7,,,103.0,168.3,173.3,135.8,18.0,9,57.0
58,Kyler Murray,ARI,QB,27,17,17,372.0,541.0,3851.0,21.0,11.0,78.0,572.0,7.33,5.0,0.0,0.0,0.0,,0.0,8.0,4.0,5,1.0,,297.0,297.2,318.2,308.2,14.0,10,58.0
59,Travis Kelce,KC,TE,35,16,16,0.0,0.0,0.0,0.0,0.0,1.0,1.0,1.0,0.0,133.0,97.0,823.0,8.48,3.0,2.0,1.0,3,,,98.0,195.4,199.4,146.9,13.0,10,59.0
60,Nico Collins,HOU,WR,25,12,12,0.0,0.0,0.0,0.0,0.0,0.0,0.0,,0.0,99.0,68.0,1006.0,14.79,7.0,0.0,0.0,7,,,143.0,210.6,213.6,176.6,12.0,20,60.0
61,Jayden Reed,GB,WR,24,17,10,0.0,0.0,0.0,0.0,0.0,20.0,163.0,8.15,1.0,75.0,55.0,857.0,15.58,6.0,3.0,1.0,7,,,142.0,197.0,204.0,169.5,12.0,21,61.0
62,J.K. Dobbins,LAC,RB,26,13,11,0.0,0.0,0.0,0.0,0.0,195.0,905.0,4.64,9.0,38.0,32.0,153.0,4.78,0.0,0.0,0.0,9,,,160.0,191.8,197.8,175.8,11.0,21,62.0
63,Tony Pollard,TEN,RB,27,16,16,0.0,0.0,0.0,0.0,0.0,260.0,1079.0,4.15,5.0,57.0,41.0,238.0,5.8,0.0,2.0,2.0,5,1.0,,160.0,200.7,208.7,180.2,10.0,22,63.0
64,Rico Dowdle,DAL,RB,26,16,15,0.0,0.0,0.0,0.0,0.0,235.0,1079.0,4.59,2.0,49.0,39.0,249.0,6.38,3.0,3.0,2.0,5,,,159.0,197.8,205.8,178.3,10.0,23,64.0
65,D.J. Moore,CHI,WR,27,17,17,0.0,1.0,0.0,0.0,0.0,14.0,75.0,5.36,0.0,140.0,98.0,966.0,9.86,6.0,1.0,1.0,6,1.0,,140.0,238.1,242.1,189.1,10.0,22,65.0
66,Tyreek Hill,MIA,WR,30,17,17,0.0,0.0,0.0,0.0,0.0,8.0,53.0,6.63,0.0,123.0,81.0,959.0,11.84,6.0,0.0,0.0,6,,,137.0,218.2,221.2,177.7,7.0,23,66.0
67,Zay Flowers,BAL,WR,24,17,15,0.0,0.0,0.0,0.0,0.0,9.0,56.0,6.22,0.0,116.0,74.0,1059.0,14.31,4.0,0.0,0.0,4,,,136.0,209.5,212.5,172.5,6.0,24,67.0
68,Marvin Harrison Jr.,ARI,WR,22,17,16,0.0,0.0,0.0,0.0,0.0,0.0,0.0,,0.0,116.0,62.0,885.0,14.27,8.0,1.0,1.0,8,,,135.0,196.5,200.5,165.5,5.0,26,68.0
69,Calvin Ridley,TEN,WR,30,17,14,0.0,0.0,0.0,0.0,0.0,8.0,55.0,6.88,1.0,120.0,64.0,1017.0,15.89,4.0,1.0,1.0,5,,,135.0,199.2,203.2,167.2,5.0,25,69.0
70,Jauan Jennings,SF,WR,27,15,10,0.0,0.0,0.0,0.0,0.0,0.0,0.0,,0.0,113.0,77.0,975.0,12.66,6.0,1.0,0.0,6,,,134.0,210.5,213.5,172.0,4.0,27,70.0
71,Justin Herbert,LAC,QB,26,17,17,332.0,504.0,3870.0,23.0,3.0,69.0,306.0,4.43,2.0,0.0,0.0,0.0,,0.0,6.0,2.0,2,,3.0,285.0,285.4,296.4,288.4,3.0,11,71.0
72,DeVonta Smith,PHI,WR,26,13,13,0.0,0.0,0.0,0.0,0.0,1.0,1.0,1.0,0.0,89.0,68.0,833.0,12.25,8.0,0.0,0.0,8,,,131.0,199.4,202.4,165.4,2.0,28,72.0
73,Jakobi Meyers,LV,WR,28,15,15,0.0,0.0,0.0,0.0,0.0,2.0,23.0,11.5,0.0,129.0,87.0,1027.0,11.8,4.0,0.0,0.0,4,1.0,,131.0,218.0,221.0,174.5,1.0,29,73.0
74,Patrick Mahomes II,KC,QB,29,16,16,392.0,581.0,3928.0,26.0,11.0,58.0,307.0,5.29,2.0,1.0,1.0,2.0,2.0,0.0,2.0,0.0,2,,,282.0,283.0,300.0,293.5,,12,74.0
75,Brock Purdy,SF,QB,25,15,15,300.0,455.0,3864.0,20.0,12.0,66.0,323.0,4.89,5.0,0.0,0.0,0.0,,0.0,7.0,3.0,5,,,267.0,266.9,287.9,278.9,,13,75.0
76,Geno Smith,SEA,QB,34,17,17,407.0,578.0,4320.0,21.0,15.0,53.0,272.0,5.13,2.0,0.0,0.0,0.0,,0.0,9.0,0.0,2,,,266.0,266.0,287.0,281.0,,14,76.0
77,Aaron Rodgers,NYJ,QB,41,17,17,368.0,584.0,3897.0,28.0,11.0,22.0,107.0,4.86,0.0,0.0,0.0,0.0,,0.0,5.0,2.0,0,,2.0,257.0,256.6,275.6,267.6,,15,77.0
78,Caleb Williams,CHI,QB,23,17,17,351.0,562.0,3541.0,20.0,6.0,81.0,489.0,6.04,0.0,0.0,0.0,0.0,,0.0,10.0,5.0,0,,3.0,255.0,254.5,271.5,260.5,,16,78.0
79,Jordan Love,GB,QB,26,15,15,268.0,425.0,3389.0,25.0,11.0,25.0,83.0,3.32,1.0,0.0,0.0,0.0,,0.0,4.0,0.0,1,,3.0,234.0,233.9,247.9,244.9,,17,
80,C.J. Stroud,HOU,QB,23,17,17,336.0,532.0,3727.0,20.0,12.0,52.0,233.0,4.48,0.0,1.0,0.0,0.0,,0.0,6.0,4.0,0,,,220.0,220.4,242.4,232.4,,18,
81,Matthew Stafford,LAR,QB,36,16,16,340.0,517.0,3762.0,20.0,8.0,30.0,41.0,1.37,0.0,0.0,0.0,0.0,,0.0,6.0,2.0,0,,,215.0,214.6,227.6,222.6,,19,
82,Bryce Young,CAR,QB,23,14,12,234.0,384.0,2403.0,15.0,9.0,43.0,249.0,5.79,6.0,0.0,0.0,0.0,,0.0,5.0,2.0,6,,,195.0,195.0,212.0,204.0,,20,
83,Tua Tagovailoa,MIA,QB,26,11,11,291.0,399.0,2867.0,19.0,7.0,17.0,49.0,2.88,0.0,0.0,0.0,0.0,,0.0,7.0,2.0,0,,2.0,182.0,181.6,193.6,188.6,,21,
84,Drake Maye,NE,QB,22,13,12,225.0,338.0,2276.0,15.0,10.0,54.0,421.0,7.8,2.0,0.0,0.0,0.0,,0.0,9.0,6.0,2,,2.0,177.0,177.1,199.1,187.1,,22,
85,Kirk Cousins,ATL,QB,36,14,14,303.0,453.0,3508.0,18.0,16.0,23.0,0.0,0.0,0.0,0.0,0.0,0.0,,0.0,13.0,2.0,0,,,176.0,176.3,197.3,192.3,,23,
86,Russell Wilson,PIT,QB,36,11,11,214.0,336.0,2482.0,16.0,5.0,43.0,155.0,3.6,2.0,0.0,0.0,0.0,,0.0,5.0,4.0,2,,,173.0,172.8,187.8,177.8,,24,
87,Anthony Richardson Sr.,IND,QB,22,11,11,126.0,264.0,1814.0,8.0,12.0,86.0,499.0,5.8,6.0,1.0,1.0,-1.0,-1.0,0.0,9.0,3.0,6,1.0,,162.0,163.4,184.4,174.9,,25,
88,Derek Carr,NO,QB,33,10,10,189.0,279.0,2145.0,15.0,5.0,17.0,71.0,4.18,1.0,0.0,0.0,0.0,,0.0,3.0,0.0,1,,1.0,151.0,150.9,158.9,155.9,,26,
89,Rachaad White,TB,RB,25,16,15,0.0,0.0,0.0,0.0,0.0,144.0,613.0,4.26,3.0,57.0,51.0,393.0,7.71,6.0,3.0,3.0,9,,,149.0,199.6,208.6,174.1,,24,
90,Zach Charbonnet,SEA,RB,23,17,6,0.0,0.0,0.0,0.0,0.0,135.0,569.0,4.21,8.0,52.0,42.0,340.0,8.1,1.0,0.0,0.0,9,,,145.0,186.9,192.9,165.9,,25,
91,Trevor Lawrence,JAC,QB,25,10,10,172.0,284.0,2045.0,11.0,7.0,26.0,119.0,4.58,3.0,0.0,0.0,-5.0,,0.0,3.0,1.0,3,,3.0,145.0,145.2,159.2,152.2,,27,
92,Tyrone Tracy Jr.,NYG,RB,25,17,12,0.0,0.0,0.0,0.0,0.0,192.0,839.0,4.37,5.0,53.0,38.0,284.0,7.47,1.0,5.0,2.0,6,,,144.0,182.3,190.3,163.3,,26,
93,Rhamondre Stevenson,NE,RB,26,15,14,0.0,0.0,0.0,0.0,0.0,207.0,801.0,3.87,7.0,41.0,33.0,168.0,5.09,1.0,7.0,3.0,8,2.0,,143.0,175.9,184.9,159.4,,27,
94,Brian Robinson Jr.,WAS,RB,25,14,13,0.0,0.0,0.0,0.0,0.0,187.0,799.0,4.27,8.0,25.0,20.0,159.0,7.95,0.0,2.0,2.0,8,,,140.0,159.8,167.8,149.8,,28,
95,Daniel Jones,NYG,QB,27,10,10,216.0,341.0,2070.0,8.0,7.0,67.0,265.0,3.96,2.0,0.0,0.0,0.0,,0.0,4.0,2.0,2,,,135.0,135.3,150.3,142.3,,28,
96,Kenneth Walker III,SEA,RB,24,11,11,0.0,0.0,0.0,0.0,0.0,153.0,573.0,3.75,7.0,53.0,46.0,299.0,6.5,1.0,1.0,0.0,8,,,135.0,181.2,187.2,158.2,,29,
97,Kareem Hunt,KC,RB,29,13,8,0.0,0.0,0.0,0.0,0.0,200.0,728.0,3.64,7.0,32.0,23.0,176.0,7.65,0.0,0.0,0.0,7,,,132.0,155.4,161.4,143.9,,30,
98,Jameis Winston,CLE,QB,30,12,7,181.0,296.0,2121.0,13.0,12.0,25.0,83.0,3.32,1.0,0.0,0.0,0.0,,0.0,5.0,2.0,1,,4.0,131.0,131.1,148.1,143.1,,29,
99,Rashod Bateman,BAL,WR,25,17,14,0.0,0.0,0.0,0.0,0.0,0.0,0.0,,0.0,72.0,45.0,756.0,16.8,9.0,0.0,0.0,9,,,130.0,174.6,177.6,152.1,,30,
100,Darnell Mooney,ATL,WR,27,16,16,0.0,1.0,0.0,0.0,0.0,0.0,0.0,,0.0,106.0,64.0,992.0,15.5,5.0,0.0,0.0,5,,,129.0,193.2,196.2,161.2,,31,
101,Puka Nacua,LAR,WR,23,11,11,0.0,0.0,0.0,0.0,0.0,11.0,46.0,4.18,1.0,106.0,79.0,990.0,12.53,3.0,0.0,0.0,4,,,128.0,206.6,209.6,167.1,,33,
102,Xavier Worthy,KC,WR,21,17,13,0.0,0.0,0.0,0.0,0.0,20.0,104.0,5.2,3.0,98.0,59.0,638.0,10.81,6.0,0.0,0.0,9,,,128.0,187.2,193.2,157.7,,32,
103,D.K. Metcalf,SEA,WR,27,15,12,0.0,0.0,0.0,0.0,0.0,0.0,0.0,,0.0,108.0,66.0,992.0,15.03,5.0,2.0,2.0,5,,,125.0,191.2,196.2,158.2,,34,
104,Alec Pierce,IND,WR,24,16,13,0.0,0.0,0.0,0.0,0.0,0.0,0.0,,0.0,69.0,37.0,824.0,22.27,7.0,0.0,0.0,7,,,124.0,161.4,164.4,142.9,,35,
105,Tank Bigsby,JAC,RB,23,16,1,0.0,0.0,0.0,0.0,0.0,168.0,766.0,4.56,7.0,12.0,7.0,54.0,7.71,0.0,4.0,1.0,7,,,122.0,129.0,133.0,125.5,,31,
106,Quentin Johnston,LAC,WR,23,15,11,0.0,0.0,0.0,0.0,0.0,3.0,6.0,2.0,0.0,91.0,55.0,711.0,12.93,8.0,0.0,0.0,8,,,120.0,174.7,177.7,147.2,,36,
107,Will Levis,TEN,QB,25,12,12,190.0,301.0,2091.0,13.0,12.0,45.0,183.0,4.07,0.0,0.0,0.0,0.0,,0.0,10.0,6.0,0,,1.0,120.0,119.9,143.9,131.9,,30,
108,Justin Fields,PIT,QB,25,10,6,106.0,161.0,1106.0,5.0,1.0,62.0,289.0,4.66,5.0,0.0,0.0,0.0,,0.0,6.0,1.0,5,,,119.0,119.1,127.1,120.1,,31,
109,Dak Prescott,DAL,QB,31,8,8,185.0,286.0,1978.0,11.0,8.0,13.0,54.0,4.15,1.0,0.0,0.0,0.0,,0.0,4.0,1.0,1,,,117.0,116.5,128.5,124.5,,32,
110,Keenan Allen,CHI,WR,32,15,15,0.0,1.0,0.0,0.0,1.0,0.0,0.0,,0.0,121.0,70.0,744.0,10.63,7.0,1.0,0.0,7,,,114.0,184.4,188.4,150.4,,37,
111,Josh Downs,IND,WR,23,14,8,0.0,0.0,0.0,0.0,0.0,1.0,12.0,12.0,0.0,107.0,72.0,803.0,11.15,5.0,0.0,0.0,5,,,112.0,183.5,186.5,147.5,,38,
112,Cooper Rush,DAL,QB,31,12,8,187.0,308.0,1844.0,12.0,5.0,26.0,18.0,0.69,0.0,0.0,0.0,0.0,,0.0,9.0,3.0,0,,1.0,110.0,109.6,120.6,114.6,,33,
113,Cooper Kupp,LAR,WR,31,12,11,0.0,0.0,0.0,0.0,0.0,2.0,10.0,5.0,0.0,100.0,67.0,710.0,10.6,6.0,1.0,0.0,6,,,108.0,175.0,178.0,141.5,,39,
114,Khalil Shakir,BUF,WR,24,15,9,0.0,0.0,0.0,0.0,0.0,2.0,4.0,2.0,0.0,100.0,76.0,821.0,10.8,4.0,1.0,0.0,4,,,107.0,182.5,185.5,144.5,,40,
115,Javonte Williams,DEN,RB,24,17,11,0.0,0.0,0.0,0.0,0.0,139.0,513.0,3.69,4.0,70.0,52.0,346.0,6.65,0.0,2.0,2.0,4,,,106.0,157.9,165.9,131.9,,32,
116,George Pickens,PIT,WR,23,14,12,0.0,0.0,0.0,0.0,0.0,2.0,-6.0,-3.0,0.0,103.0,59.0,900.0,15.25,3.0,1.0,1.0,3,,,105.0,164.4,168.4,134.9,,41,
117,Jordan Mason,SF,RB,25,12,6,0.0,0.0,0.0,0.0,0.0,153.0,789.0,5.16,3.0,14.0,11.0,91.0,8.27,0.0,3.0,1.0,3,,,104.0,115.0,119.0,109.5,,33,
118,Nick Westbrook-Ikhine,TEN,WR,27,17,9,0.0,0.0,0.0,0.0,0.0,0.0,0.0,,0.0,60.0,32.0,497.0,15.53,9.0,0.0,0.0,9,,,104.0,135.7,138.7,119.7,,42,
119,Deebo Samuel Sr.,SF,WR,28,15,15,0.0,0.0,0.0,0.0,0.0,42.0,136.0,3.24,1.0,81.0,51.0,670.0,13.14,3.0,2.0,1.0,4,,,103.0,153.6,160.6,128.1,,44,
120,Jalen Tolbert,DAL,WR,25,17,15,0.0,0.0,0.0,0.0,0.0,0.0,0.0,,0.0,79.0,49.0,610.0,12.45,7.0,0.0,0.0,7,,,103.0,152.0,155.0,127.5,,43,
121,Alexander Mattison,LV,RB,26,14,7,0.0,0.0,0.0,0.0,0.0,132.0,420.0,3.18,4.0,48.0,36.0,294.0,8.17,1.0,1.0,1.0,5,1.0,,101.0,137.4,144.4,119.4,,34,
122,Ray Davis,BUF,RB,25,17,0,0.0,0.0,0.0,0.0,0.0,113.0,442.0,3.91,3.0,19.0,17.0,189.0,11.12,3.0,0.0,0.0,6,,,99.0,116.1,122.1,107.6,,35,
123,Joe Flacco,IND,QB,39,8,6,162.0,248.0,1761.0,12.0,7.0,9.0,26.0,2.89,0.0,0.0,0.0,0.0,,0.0,4.0,4.0,0,,,99.0,99.0,113.0,106.0,,34,
124,Jalen McMillan,TB,WR,23,13,12,0.0,0.0,0.0,0.0,0.0,4.0,43.0,10.75,0.0,58.0,37.0,461.0,12.46,8.0,0.0,0.0,8,,,98.0,135.4,138.4,116.9,,45,
125,Austin Ekeler,WAS,RB,29,12,6,0.0,0.0,0.0,0.0,0.0,77.0,367.0,4.77,4.0,41.0,35.0,366.0,10.46,0.0,3.0,0.0,4,,,97.0,132.3,138.3,114.8,,36,
126,Jerome Ford,CLE,RB,25,14,6,0.0,0.0,0.0,0.0,0.0,104.0,565.0,5.43,3.0,43.0,37.0,225.0,6.08,0.0,0.0,0.0,3,,,97.0,134.0,140.0,115.5,,37,
127,Michael Pittman Jr.,IND,WR,27,16,14,0.0,0.0,0.0,0.0,0.0,0.0,0.0,,0.0,111.0,69.0,808.0,11.71,3.0,1.0,1.0,3,,,97.0,165.8,169.8,131.3,,46,
128,Mac Jones,JAC,QB,26,10,7,171.0,262.0,1672.0,8.0,8.0,28.0,92.0,3.29,1.0,0.0,0.0,0.0,,0.0,2.0,2.0,1,,1.0,96.0,96.1,109.1,104.1,,36,
129,Gardner Minshew II,LV,QB,28,10,9,203.0,306.0,2013.0,9.0,10.0,19.0,58.0,3.05,0.0,0.0,0.0,0.0,,0.0,6.0,4.0,0,,1.0,96.0,96.3,113.3,106.3,,35,
130,Mason Rudolph,TEN,QB,29,8,5,146.0,228.0,1530.0,9.0,9.0,25.0,106.0,4.24,1.0,0.0,0.0,0.0,,0.0,5.0,1.0,1,,1.0,96.0,95.8,111.8,104.8,,37,
131,Tyler Allgeier,ATL,RB,24,17,0,0.0,0.0,0.0,0.0,0.0,137.0,644.0,4.7,3.0,13.0,13.0,88.0,6.77,0.0,0.0,0.0,3,1.0,,93.0,106.2,109.2,99.7,,38,
132,Aidan O'Connell,LV,QB,26,9,7,154.0,243.0,1612.0,8.0,4.0,21.0,30.0,1.43,1.0,0.0,0.0,0.0,,0.0,2.0,2.0,1,,,93.0,93.5,102.5,97.5,,38,
133,Demarcus Robinson,LAR,WR,30,17,17,0.0,0.0,0.0,0.0,0.0,0.0,0.0,,0.0,64.0,31.0,505.0,16.29,7.0,0.0,0.0,7,,,93.0,123.5,126.5,108.0,,47,
134,Adam Thielen,CAR,WR,34,10,10,0.0,0.0,0.0,0.0,0.0,0.0,0.0,,0.0,62.0,48.0,615.0,12.81,5.0,0.0,0.0,5,,,92.0,139.5,142.5,115.5,,49,
135,Jaylen Waddle,MIA,WR,26,15,15,0.0,0.0,0.0,0.0,0.0,4.0,12.0,3.0,0.0,83.0,58.0,744.0,12.83,2.0,0.0,0.0,2,2.0,,92.0,149.6,152.6,120.6,,48,
136,Travis Etienne Jr.,JAC,RB,25,15,15,0.0,0.0,0.0,0.0,0.0,150.0,558.0,3.72,2.0,52.0,39.0,254.0,6.51,0.0,1.0,1.0,2,,,91.0,130.2,137.2,110.7,,39,
137,DeAndre Hopkins,2TM,WR,32,16,8,0.0,0.0,0.0,0.0,0.0,0.0,0.0,,0.0,80.0,56.0,610.0,10.89,5.0,1.0,0.0,5,,,91.0,147.0,150.0,119.0,,50,
138,Marvin Mims Jr.,DEN,WR,22,17,2,0.0,0.0,0.0,0.0,0.0,13.0,42.0,3.23,0.0,52.0,39.0,503.0,12.9,6.0,1.0,0.0,6,,,91.0,129.5,132.5,110.0,,52,
139,Rome Odunze,CHI,WR,22,17,12,0.0,0.0,0.0,0.0,0.0,3.0,15.0,5.0,0.0,101.0,54.0,734.0,13.59,3.0,2.0,1.0,3,,,91.0,144.9,148.9,117.9,,51,
140,Wan'Dale Robinson,NYG,WR,23,17,7,0.0,0.0,0.0,0.0,0.0,3.0,18.0,6.0,0.0,140.0,93.0,699.0,7.52,3.0,0.0,0.0,3,,,90.0,182.7,185.7,136.2,,53,
141,Tank Dell,HOU,WR,25,14,10,0.0,0.0,0.0,0.0,0.0,9.0,43.0,4.78,0.0,81.0,51.0,667.0,13.08,3.0,0.0,0.0,3,,,89.0,140.0,143.0,114.5,,54,
142,Allen Lazard,NYJ,WR,29,12,10,0.0,1.0,0.0,0.0,0.0,0.0,0.0,,0.0,60.0,37.0,530.0,14.32,6.0,0.0,0.0,6,,,89.0,126.0,129.0,107.5,,55,
143,Chris Godwin,TB,WR,28,7,7,0.0,0.0,0.0,0.0,0.0,1.0,2.0,2.0,0.0,62.0,50.0,576.0,11.52,5.0,1.0,0.0,5,,,88.0,137.8,140.8,112.8,,56,
144,Romeo Doubs,GB,WR,24,13,12,0.0,0.0,0.0,0.0,0.0,0.0,0.0,,0.0,72.0,46.0,601.0,13.07,4.0,0.0,0.0,4,1.0,,86.0,132.1,135.1,109.1,,57,
145,Jaylen Warren,PIT,RB,26,15,0,0.0,0.0,0.0,0.0,0.0,120.0,511.0,4.26,1.0,47.0,38.0,310.0,8.16,0.0,2.0,1.0,1,,,86.0,124.1,131.1,105.1,,40,
146,Ameer Abdullah,LV,RB,31,16,3,0.0,0.0,0.0,0.0,0.0,66.0,311.0,4.71,2.0,47.0,40.0,261.0,6.53,3.0,2.0,1.0,5,,,85.0,125.2,132.2,105.2,,41,
147,Justice Hill,BAL,RB,27,15,0,0.0,0.0,0.0,0.0,0.0,47.0,228.0,4.85,1.0,51.0,42.0,383.0,9.12,3.0,0.0,0.0,4,,,85.0,127.1,133.1,106.1,,42,
148,David Njoku,CLE,TE,28,11,11,0.0,0.0,0.0,0.0,0.0,0.0,0.0,,0.0,97.0,64.0,505.0,7.89,5.0,0.0,0.0,5,2.0,,85.0,148.5,151.5,116.5,,11,
149,Emanuel Wilson,GB,RB,25,17,0,0.0,0.0,0.0,0.0,0.0,103.0,502.0,4.87,4.0,14.0,11.0,48.0,4.36,1.0,0.0,0.0,5,,,85.0,96.0,99.0,90.5,,43,
150,Andrei Iosivas,CIN,WR,25,17,8,0.0,0.0,0.0,0.0,0.0,0.0,0.0,,0.0,61.0,36.0,479.0,13.31,6.0,0.0,0.0,6,,,84.0,119.9,122.9,101.9,,58,
151,Kyle Pitts,ATL,TE,24,17,15,0.0,0.0,0.0,0.0,0.0,0.0,0.0,,0.0,74.0,47.0,602.0,12.81,4.0,0.0,0.0,4,,,84.0,131.2,134.2,107.7,,12,
152,Tyjae Spears,TEN,RB,23,12,1,0.0,0.0,0.0,0.0,0.0,84.0,312.0,3.71,4.0,35.0,30.0,224.0,7.47,1.0,1.0,0.0,5,,,84.0,113.6,119.6,98.6,,44,
153,Calvin Austin III,PIT,WR,25,17,8,0.0,0.0,0.0,0.0,0.0,0.0,0.0,,0.0,58.0,36.0,548.0,15.22,4.0,1.0,1.0,5,,,83.0,118.8,122.8,100.8,,59,
154,Keon Coleman,BUF,WR,21,13,12,0.0,0.0,0.0,0.0,0.0,1.0,9.0,9.0,0.0,57.0,29.0,556.0,19.17,4.0,0.0,0.0,4,1.0,,83.0,111.5,114.5,97.0,,60,
155,Demario Douglas,NE,WR,24,17,7,0.0,0.0,0.0,0.0,0.0,3.0,16.0,5.33,0.0,87.0,66.0,621.0,9.41,3.0,1.0,0.0,3,,,82.0,147.7,150.7,114.7,,62,
156,Isaiah Likely,BAL,TE,24,16,9,0.0,0.0,0.0,0.0,0.0,0.0,0.0,,0.0,58.0,42.0,477.0,11.36,6.0,1.0,1.0,6,,,82.0,123.7,127.7,102.7,,13,
157,Cade Otton,TB,TE,25,14,14,0.0,0.0,0.0,0.0,0.0,1.0,-4.0,-4.0,0.0,87.0,59.0,600.0,10.17,4.0,2.0,1.0,4,,,82.0,140.6,144.6,111.1,,14,
158,Tre Tucker,LV,WR,23,17,14,0.0,0.0,0.0,0.0,0.0,9.0,44.0,4.89,1.0,81.0,47.0,539.0,11.47,3.0,0.0,0.0,4,,,82.0,129.3,132.3,105.8,,61,
159,Antonio Gibson,NE,RB,26,17,3,0.0,0.0,0.0,0.0,0.0,120.0,538.0,4.48,1.0,29.0,23.0,206.0,8.96,0.0,2.0,0.0,1,,,80.0,103.4,109.4,91.9,,45,
160,Drew Lock,NYG,QB,28,8,5,107.0,181.0,1071.0,6.0,5.0,18.0,133.0,7.39,2.0,0.0,0.0,0.0,,0.0,5.0,2.0,2,,1.0,80.0,80.1,93.1,85.1,,39,
161,Cam Akers,2TM,RB,25,17,2,0.0,0.0,0.0,0.0,0.0,104.0,444.0,4.27,2.0,18.0,14.0,68.0,4.86,3.0,1.0,1.0,5,,,79.0,93.2,97.2,86.2,,46,
162,Kayshon Boutte,NE,WR,22,15,13,0.0,0.0,0.0,0.0,0.0,0.0,0.0,,0.0,68.0,43.0,589.0,13.7,3.0,0.0,0.0,3,1.0,,79.0,121.9,124.9,100.4,,63,
163,Amari Cooper,2TM,WR,30,14,10,0.0,0.0,0.0,0.0,0.0,0.0,0.0,,0.0,85.0,44.0,547.0,12.43,4.0,0.0,0.0,4,,,79.0,122.7,125.7,100.7,,64,
164,Isaac Guerendo,SF,RB,24,16,3,0.0,0.0,0.0,0.0,0.0,84.0,420.0,5.0,4.0,16.0,15.0,152.0,10.13,0.0,3.0,1.0,4,,,79.0,94.2,101.2,86.7,,47,
165,Hunter Henry,NE,TE,30,16,16,0.0,0.0,0.0,0.0,0.0,0.0,0.0,,0.0,97.0,66.0,674.0,10.21,2.0,0.0,0.0,2,,,79.0,145.4,148.4,112.4,,15,
166,Taysom Hill,NO,TE,34,8,8,2.0,4.0,21.0,0.0,1.0,39.0,278.0,7.13,6.0,31.0,23.0,187.0,8.13,0.0,1.0,1.0,6,,,79.0,102.3,110.3,91.8,,16,
167,Ray-Ray McCloud III,ATL,WR,28,17,13,0.0,0.0,0.0,0.0,0.0,10.0,79.0,7.9,0.0,87.0,62.0,686.0,11.06,1.0,4.0,2.0,1,,,79.0,140.5,145.5,109.5,,65,
168,Michael Wilson,ARI,WR,24,16,13,0.0,0.0,0.0,0.0,0.0,1.0,7.0,7.0,0.0,71.0,47.0,548.0,11.66,4.0,1.0,1.0,4,,,78.0,124.5,128.5,101.0,,66,
169,Mike Gesicki,CIN,TE,29,17,3,0.0,0.0,0.0,0.0,0.0,0.0,0.0,,0.0,83.0,65.0,665.0,10.23,2.0,1.0,1.0,2,,,77.0,141.5,145.5,109.0,,17,
170,Deshaun Watson,CLE,QB,29,7,7,137.0,216.0,1148.0,5.0,3.0,31.0,148.0,4.77,1.0,0.0,0.0,0.0,,0.0,5.0,3.0,1,,1.0,77.0,76.7,88.7,79.7,,40,
171,Xavier Legette,CAR,WR,23,16,13,0.0,0.0,0.0,0.0,0.0,6.0,24.0,4.0,0.0,84.0,49.0,497.0,10.14,4.0,0.0,0.0,4,,,76.0,125.1,128.1,100.6,,68,
172,Devin Singletary,NYG,RB,27,15,5,0.0,0.0,0.0,0.0,0.0,113.0,437.0,3.87,4.0,24.0,21.0,119.0,5.67,0.0,2.0,2.0,4,,,76.0,96.6,104.6,86.1,,48,
173,Christian Watson,GB,WR,25,15,15,0.0,0.0,0.0,0.0,0.0,4.0,23.0,5.75,0.0,53.0,29.0,620.0,21.38,2.0,1.0,1.0,2,1.0,,76.0,105.3,109.3,90.8,,67,
174,Stefon Diggs,HOU,WR,31,8,8,1.0,1.0,13.0,0.0,0.0,3.0,8.0,2.67,1.0,64.0,47.0,496.0,10.55,3.0,0.0,0.0,4,,,75.0,121.9,124.9,98.4,,70,
175,Jalen Nailor,MIN,WR,25,17,7,0.0,0.0,0.0,0.0,0.0,3.0,-4.0,-1.33,0.0,42.0,28.0,414.0,14.79,6.0,1.0,1.0,6,,,75.0,103.0,107.0,89.0,,69,
176,Ty Johnson,BUF,RB,27,17,1,0.0,0.0,0.0,0.0,0.0,41.0,213.0,5.2,1.0,25.0,18.0,284.0,15.78,3.0,0.0,0.0,4,,,74.0,91.7,97.7,82.7,,49,
177,Noah Gray,KC,TE,25,17,10,0.0,0.0,0.0,0.0,0.0,1.0,-4.0,-4.0,0.0,49.0,40.0,437.0,10.93,5.0,0.0,0.0,5,,,73.0,113.3,116.3,93.3,,19,
178,Juwan Johnson,NO,TE,28,17,5,0.0,0.0,0.0,0.0,0.0,0.0,0.0,,0.0,66.0,50.0,548.0,10.96,3.0,2.0,0.0,3,,,73.0,122.8,125.8,97.8,,20,
179,Cole Kmet,CHI,TE,25,17,16,0.0,0.0,0.0,0.0,0.0,0.0,0.0,,0.0,55.0,47.0,474.0,10.09,4.0,0.0,0.0,4,1.0,,73.0,120.4,123.4,96.9,,18,
180,Jaleel McLaughlin,DEN,RB,24,16,5,0.0,0.0,0.0,0.0,0.0,113.0,496.0,4.39,1.0,27.0,24.0,76.0,3.17,2.0,1.0,1.0,3,,,73.0,97.2,101.2,85.2,,50,
181,KaVontae Turpin,DAL,WR,28,17,2,0.0,0.0,0.0,0.0,0.0,16.0,92.0,5.75,0.0,52.0,31.0,420.0,13.55,2.0,3.0,1.0,4,,,73.0,104.2,108.2,88.7,,71,
182,Tyler Lockett,SEA,WR,32,17,14,0.0,0.0,0.0,0.0,0.0,0.0,0.0,,0.0,74.0,49.0,600.0,12.24,2.0,0.0,0.0,2,,,72.0,121.0,124.0,96.5,,72,
183,Dontayvion Wicks,GB,WR,23,17,5,0.0,0.0,0.0,0.0,0.0,0.0,0.0,,0.0,76.0,39.0,415.0,10.64,5.0,0.0,0.0,5,,,72.0,110.5,113.5,91.0,,73,
184,Tyler Conklin,NYJ,TE,29,16,15,0.0,0.0,0.0,0.0,0.0,1.0,0.0,0.0,0.0,72.0,51.0,449.0,8.8,4.0,0.0,0.0,4,1.0,,71.0,121.9,124.9,96.4,,22,
185,Foster Moreau,NO,TE,27,17,17,0.0,0.0,0.0,0.0,0.0,0.0,0.0,,0.0,43.0,32.0,413.0,12.91,5.0,0.0,0.0,5,,,71.0,103.3,106.3,87.3,,21,
186,Darius Slayton,NYG,WR,27,16,13,0.0,0.0,0.0,0.0,0.0,2.0,17.0,8.5,0.0,71.0,39.0,573.0,14.69,2.0,1.0,0.0,2,,,71.0,110.0,113.0,90.5,,74,
187,Mack Hollins,BUF,WR,31,17,13,0.0,0.0,0.0,0.0,0.0,0.0,0.0,,0.0,50.0,31.0,378.0,12.19,5.0,0.0,0.0,5,,,68.0,98.8,101.8,83.3,,76,
188,Josh Palmer,LAC,WR,25,15,7,0.0,0.0,0.0,0.0,0.0,0.0,0.0,,0.0,65.0,39.0,584.0,14.97,1.0,0.0,0.0,1,2.0,,68.0,107.4,110.4,87.9,,75,
189,Spencer Rattler,NO,QB,24,7,6,130.0,228.0,1317.0,4.0,5.0,18.0,146.0,8.11,0.0,0.0,0.0,0.0,,0.0,5.0,3.0,0,,,67.0,67.3,81.3,72.3,,41,
190,Olamide Zaccheaus,WAS,WR,27,17,6,0.0,0.0,0.0,0.0,0.0,1.0,8.0,8.0,0.0,64.0,45.0,506.0,11.24,3.0,3.0,1.0,3,,,67.0,112.4,116.4,89.9,,77,
191,Braelon Allen,NYJ,RB,20,17,2,0.0,0.0,0.0,0.0,0.0,92.0,334.0,3.63,2.0,27.0,19.0,148.0,7.79,1.0,0.0,0.0,3,,,66.0,85.2,91.2,75.7,,51,
192,Marquez Valdes-Scantling,2TM,WR,30,14,8,0.0,0.0,0.0,0.0,0.0,1.0,4.0,4.0,0.0,44.0,19.0,411.0,21.63,4.0,0.0,0.0,4,,,66.0,84.5,87.5,75.0,,78,
193,Devaughn Vele,DEN,WR,27,13,7,0.0,0.0,0.0,0.0,0.0,0.0,0.0,,0.0,55.0,41.0,475.0,11.59,3.0,0.0,0.0,3,,,66.0,106.5,109.5,86.0,,79,
194,Dalton Schultz,HOU,TE,28,17,13,0.0,0.0,0.0,0.0,0.0,0.0,0.0,,0.0,85.0,53.0,532.0,10.04,2.0,0.0,0.0,2,,,65.0,118.2,121.2,91.7,,23,
195,Parker Washington,JAC,WR,22,17,7,0.0,0.0,0.0,0.0,0.0,0.0,0.0,,0.0,51.0,32.0,390.0,12.19,3.0,2.0,0.0,4,1.0,,65.0,97.0,100.0,81.0,,80,
196,Austin Hooper,NE,TE,30,17,8,0.0,0.0,0.0,0.0,0.0,0.0,0.0,,0.0,59.0,45.0,476.0,10.58,3.0,2.0,1.0,3,,,64.0,108.6,112.6,86.1,,24,
197,Ricky Pearsall,SF,WR,24,11,4,0.0,1.0,0.0,0.0,0.0,3.0,45.0,15.0,0.0,46.0,31.0,400.0,12.9,3.0,0.0,0.0,3,,,63.0,93.5,96.5,78.0,,81,
198,Dallas Goedert,PHI,TE,29,10,10,0.0,0.0,0.0,0.0,0.0,0.0,0.0,,0.0,52.0,42.0,496.0,11.81,2.0,2.0,0.0,2,,,62.0,103.6,106.6,82.6,,25,
199,Chigoziem Okonkwo,TEN,TE,25,17,11,0.0,0.0,0.0,0.0,0.0,1.0,17.0,17.0,0.0,70.0,52.0,479.0,9.21,2.0,2.0,1.0,2,1.0,,62.0,113.6,117.6,87.6,,26,
200,Jalen Coker,CAR,WR,23,11,4,1.0,1.0,19.0,0.0,0.0,0.0,0.0,,0.0,46.0,32.0,478.0,14.94,2.0,0.0,0.0,2,,,61.0,92.6,95.6,76.6,,82,
201,Gus Edwards,LAC,RB,29,11,6,0.0,0.0,0.0,0.0,0.0,101.0,365.0,3.61,4.0,5.0,3.0,6.0,2.0,0.0,0.0,0.0,4,,,61.0,64.1,67.1,62.6,,53,
202,Tyler Huntley,MIA,QB,26,5,5,86.0,133.0,829.0,3.0,3.0,26.0,135.0,5.19,2.0,0.0,0.0,0.0,,0.0,6.0,2.0,2,,,61.0,60.7,71.7,63.7,,42,
203,Roschon Johnson,CHI,RB,23,14,0,0.0,0.0,0.0,0.0,0.0,55.0,150.0,2.73,6.0,20.0,16.0,104.0,6.5,0.0,0.0,0.0,6,,,61.0,77.4,83.4,69.4,,52,
204,Will Dissly,LAC,TE,28,15,8,0.0,0.0,0.0,0.0,0.0,0.0,0.0,,0.0,64.0,50.0,481.0,9.62,2.0,0.0,0.0,2,,,60.0,110.1,113.1,85.1,,27,
205,Elijah Moore,CLE,WR,24,17,13,0.0,0.0,0.0,0.0,0.0,1.0,1.0,1.0,0.0,102.0,61.0,538.0,8.82,1.0,0.0,0.0,1,,,60.0,120.9,123.9,90.4,,83,
206,Rashid Shaheed,NO,WR,26,6,5,0.0,0.0,0.0,0.0,0.0,6.0,29.0,4.83,0.0,41.0,20.0,349.0,17.45,3.0,1.0,1.0,4,,,60.0,79.8,83.8,69.8,,84,
207,Sean Tucker,TB,RB,23,17,0,0.0,0.0,0.0,0.0,0.0,50.0,308.0,6.16,2.0,12.0,9.0,109.0,12.11,1.0,1.0,0.0,3,,,60.0,68.7,74.7,64.2,,54,
208,Andy Dalton,CAR,QB,37,6,5,106.0,160.0,989.0,7.0,6.0,11.0,34.0,3.09,0.0,0.0,0.0,0.0,,0.0,2.0,0.0,0,,,59.0,59.0,68.0,65.0,,43,
209,Zack Moss,CIN,RB,27,8,6,0.0,0.0,0.0,0.0,0.0,74.0,242.0,3.27,2.0,27.0,23.0,187.0,8.13,1.0,2.0,1.0,3,,,59.0,81.9,88.9,70.4,,55,
210,Tim Patrick,DET,WR,31,16,9,0.0,0.0,0.0,0.0,0.0,0.0,0.0,,0.0,44.0,33.0,394.0,11.94,3.0,0.0,0.0,3,1.0,,59.0,92.4,95.4,75.9,,85,
211,Nick Chubb,CLE,RB,29,8,8,0.0,0.0,0.0,0.0,0.0,102.0,332.0,3.25,3.0,11.0,5.0,31.0,6.2,1.0,1.0,1.0,4,,,58.0,63.3,67.3,60.8,,56,
212,Tutu Atwell,LAR,WR,25,17,5,0.0,1.0,0.0,0.0,0.0,2.0,7.0,3.5,0.0,62.0,42.0,562.0,13.38,0.0,0.0,0.0,0,,,57.0,98.9,101.9,77.9,,86,
213,Dalton Kincaid,BUF,TE,25,13,9,0.0,0.0,0.0,0.0,0.0,0.0,0.0,,0.0,75.0,44.0,448.0,10.18,2.0,1.0,0.0,2,,,57.0,100.8,103.8,78.8,,28,
214,Noah Fant,SEA,TE,27,14,9,0.0,0.0,0.0,0.0,0.0,0.0,0.0,,0.0,64.0,48.0,500.0,10.42,1.0,0.0,0.0,1,,,56.0,104.0,107.0,80.0,,29,
215,Diontae Johnson,3TM,WR,28,12,8,0.0,0.0,0.0,0.0,0.0,2.0,6.0,3.0,0.0,67.0,33.0,375.0,11.36,3.0,0.0,0.0,3,,,56.0,89.1,92.1,72.6,,87,
216,Jeremy McNichols,WAS,RB,29,17,1,0.0,0.0,0.0,0.0,0.0,55.0,261.0,4.75,4.0,12.0,9.0,27.0,3.0,0.0,0.0,0.0,4,1.0,,55.0,63.8,66.8,59.3,,57,
217,Greg Dortch,ARI,WR,26,17,4,0.0,0.0,0.0,0.0,0.0,5.0,31.0,6.2,0.0,50.0,37.0,342.0,9.24,3.0,3.0,1.0,3,,,53.0,90.3,94.3,71.8,,88,
218,David Moore,CAR,WR,29,17,5,0.0,0.0,0.0,0.0,0.0,1.0,0.0,0.0,0.0,57.0,32.0,351.0,10.97,3.0,0.0,0.0,3,,,53.0,85.1,88.1,69.1,,89,
219,Samaje Perine,KC,RB,29,17,0,0.0,0.0,0.0,0.0,0.0,20.0,92.0,4.6,1.0,35.0,28.0,322.0,11.5,1.0,0.0,0.0,2,,,53.0,81.4,84.4,67.4,,58,
220,Miles Sanders,CAR,RB,27,11,2,0.0,0.0,0.0,0.0,0.0,55.0,205.0,3.73,2.0,30.0,24.0,148.0,6.17,1.0,1.0,0.0,3,,,53.0,77.3,83.3,65.3,,59,
221,Raheem Mostert,MIA,RB,32,13,1,0.0,0.0,0.0,0.0,0.0,85.0,278.0,3.27,2.0,23.0,19.0,161.0,8.47,0.0,2.0,2.0,2,,,52.0,70.9,78.9,61.4,,60,
222,Malik Willis,GB,QB,25,7,2,40.0,54.0,550.0,3.0,0.0,20.0,138.0,6.9,1.0,0.0,0.0,0.0,,0.0,1.0,1.0,1,,,52.0,51.8,58.8,51.8,,44,
223,Jordan Akins,CLE,TE,32,17,6,0.0,0.0,0.0,0.0,0.0,0.0,0.0,,0.0,58.0,40.0,390.0,9.75,2.0,1.0,0.0,2,,,51.0,91.0,94.0,71.0,,31,
224,Noah Brown,WAS,WR,28,11,9,0.0,0.0,0.0,0.0,0.0,0.0,0.0,,0.0,56.0,35.0,453.0,12.94,1.0,0.0,0.0,1,,,51.0,86.3,89.3,68.8,,91,
225,Brenton Strange,JAC,TE,24,17,10,0.0,0.0,0.0,0.0,0.0,0.0,0.0,,0.0,53.0,40.0,411.0,10.28,2.0,1.0,1.0,2,,,51.0,91.1,95.1,71.1,,30,
226,Cedric Tillman,CLE,WR,24,11,6,0.0,0.0,0.0,0.0,0.0,1.0,-5.0,-5.0,0.0,49.0,29.0,339.0,11.69,3.0,1.0,1.0,3,1.0,,51.0,80.4,84.4,65.9,,90,
227,AJ Barner,SEA,TE,22,17,6,0.0,0.0,0.0,0.0,0.0,0.0,0.0,,0.0,38.0,30.0,245.0,8.17,4.0,0.0,0.0,4,,,49.0,78.5,81.5,63.5,,32,
228,Sterling Shepard,TB,WR,31,14,5,0.0,0.0,0.0,0.0,0.0,8.0,69.0,8.63,0.0,51.0,32.0,334.0,10.44,1.0,0.0,0.0,1,1.0,,48.0,80.3,83.3,64.3,,92,
229,Kenneth Gainwell,PHI,RB,25,17,1,0.0,0.0,0.0,0.0,0.0,75.0,290.0,3.87,1.0,22.0,16.0,116.0,7.25,0.0,0.0,0.0,1,,,47.0,62.6,68.6,54.6,,61,
230,Ezekiel Elliott,DAL,RB,29,15,2,0.0,0.0,0.0,0.0,0.0,74.0,226.0,3.05,3.0,15.0,12.0,69.0,5.75,0.0,1.0,1.0,3,,,46.0,57.5,61.5,51.5,,62,
231,T.J. Hockenson,MIN,TE,27,10,9,0.0,0.0,0.0,0.0,0.0,0.0,0.0,,0.0,62.0,41.0,455.0,11.1,0.0,0.0,0.0,0,,,46.0,86.5,89.5,66.0,,33,
232,Marcus Mariota,WAS,QB,31,3,0,34.0,44.0,364.0,4.0,0.0,18.0,92.0,5.11,1.0,0.0,0.0,0.0,,0.0,0.0,0.0,1,,,46.0,45.8,48.8,45.8,,45,
233,Jacoby Brissett,NE,QB,32,8,5,95.0,161.0,826.0,2.0,1.0,15.0,62.0,4.13,0.0,0.0,0.0,0.0,,0.0,4.0,1.0,0,,1.0,45.0,45.2,50.2,46.2,,46,
234,Jake Ferguson,DAL,TE,25,14,14,0.0,0.0,0.0,0.0,0.0,0.0,0.0,,0.0,86.0,59.0,494.0,8.37,0.0,4.0,2.0,0,,,45.0,104.4,109.4,74.9,,34,
235,Chris Olave,NO,WR,24,8,8,0.0,0.0,0.0,0.0,0.0,1.0,7.0,7.0,0.0,44.0,32.0,400.0,12.5,1.0,1.0,1.0,1,,,45.0,76.7,80.7,60.7,,93,
236,Isiah Pacheco,KC,RB,25,7,6,0.0,0.0,0.0,0.0,0.0,83.0,310.0,3.73,1.0,16.0,12.0,79.0,6.58,0.0,0.0,0.0,1,,,45.0,56.9,59.9,50.9,,63,
237,Brandin Cooks,DAL,WR,31,10,9,0.0,0.0,0.0,0.0,0.0,3.0,-3.0,-1.0,0.0,54.0,26.0,259.0,9.96,3.0,0.0,0.0,3,,,44.0,69.6,72.6,56.6,,95,
238,Audric Estime,DEN,RB,21,13,1,0.0,0.0,0.0,0.0,0.0,76.0,310.0,4.08,2.0,5.0,5.0,27.0,5.4,0.0,2.0,1.0,2,,,44.0,48.7,52.7,46.2,,64,
239,Christian Kirk,JAC,WR,28,8,7,0.0,0.0,0.0,0.0,0.0,0.0,0.0,,0.0,47.0,27.0,379.0,14.04,1.0,0.0,0.0,1,,,44.0,70.9,73.9,57.4,,94,
240,Josh Oliver,MIN,TE,27,15,12,0.0,0.0,0.0,0.0,0.0,0.0,0.0,,0.0,28.0,22.0,258.0,11.73,3.0,0.0,0.0,3,,,44.0,65.8,68.8,54.8,,35,
241,Michael Penix Jr.,ATL,QB,24,5,3,61.0,105.0,775.0,3.0,3.0,7.0,11.0,1.57,1.0,0.0,0.0,0.0,,0.0,2.0,0.0,1,,,44.0,44.1,50.1,47.1,,47,
242,Evan Engram,JAC,TE,30,9,9,0.0,0.0,0.0,0.0,0.0,0.0,0.0,,0.0,64.0,47.0,365.0,7.77,1.0,1.0,1.0,1,1.0,,43.0,89.5,93.5,66.0,,36,
243,Dameon Pierce,HOU,RB,24,11,0,0.0,0.0,0.0,0.0,0.0,40.0,293.0,7.33,2.0,4.0,2.0,2.0,1.0,0.0,1.0,0.0,2,,,42.0,43.5,46.5,42.5,,65,
244,Trey Benson,ARI,RB,21,13,1,0.0,0.0,0.0,0.0,0.0,63.0,291.0,4.62,1.0,6.0,6.0,59.0,9.83,0.0,1.0,0.0,1,,,41.0,47.0,50.0,44.0,,66,
245,Rashee Rice,KC,WR,24,4,4,0.0,0.0,0.0,0.0,0.0,1.0,1.0,1.0,0.0,29.0,24.0,288.0,12.0,2.0,0.0,0.0,2,,,41.0,64.9,67.9,52.9,,96,
246,Justin Watson,KC,WR,28,17,7,0.0,0.0,0.0,0.0,0.0,0.0,0.0,,0.0,32.0,22.0,289.0,13.14,2.0,0.0,0.0,2,,,41.0,62.9,65.9,51.9,,97,
247,Van Jefferson,PIT,WR,28,17,12,0.0,0.0,0.0,0.0,0.0,0.0,0.0,,0.0,40.0,24.0,276.0,11.5,2.0,0.0,0.0,2,,,40.0,63.6,66.6,51.6,,98,
248,Kalif Raymond,DET,WR,30,12,2,0.0,0.0,0.0,0.0,0.0,2.0,0.0,0.0,0.0,22.0,17.0,215.0,12.65,2.0,0.0,0.0,3,,,40.0,56.5,59.5,48.0,,99,
249,Ja'Tavion Sanders,CAR,TE,21,16,8,0.0,0.0,0.0,0.0,0.0,0.0,0.0,,0.0,43.0,33.0,342.0,10.36,1.0,1.0,0.0,1,,,40.0,73.2,76.2,56.7,,37,
250,Tyler Boyd,TEN,WR,30,16,8,0.0,1.0,0.0,0.0,0.0,1.0,3.0,3.0,0.0,57.0,39.0,390.0,10.0,0.0,0.0,0.0,0,,,39.0,78.3,81.3,58.8,,100,
251,Emari Demercado,ARI,RB,25,13,0,0.0,0.0,0.0,0.0,0.0,24.0,223.0,9.29,1.0,20.0,16.0,104.0,6.5,0.0,0.0,0.0,1,,,39.0,54.7,60.7,46.7,,67,
252,Troy Franklin,DEN,WR,21,16,6,0.0,0.0,0.0,0.0,0.0,2.0,8.0,4.0,0.0,53.0,28.0,263.0,9.39,2.0,0.0,0.0,2,,,39.0,67.1,70.1,53.1,,101,
253,Theo Johnson,NYG,TE,23,12,11,0.0,0.0,0.0,0.0,0.0,0.0,0.0,,0.0,43.0,29.0,331.0,11.41,1.0,0.0,0.0,1,,,39.0,68.1,71.1,53.6,,38,
255,Trey Sermon,IND,RB,25,17,3,0.0,0.0,0.0,0.0,0.0,56.0,159.0,2.84,2.0,19.0,16.0,99.0,6.19,0.0,0.0,0.0,2,,,38.0,53.8,56.8,45.8,,69,
256,Brandon Aiyuk,SF,WR,26,7,7,0.0,0.0,0.0,0.0,0.0,0.0,0.0,,0.0,47.0,25.0,374.0,14.96,0.0,0.0,0.0,0,,,37.0,62.4,65.4,49.9,,102,
257,Kendrick Bourne,NE,WR,29,12,9,0.0,1.0,0.0,0.0,0.0,1.0,6.0,6.0,0.0,38.0,28.0,305.0,10.89,1.0,0.0,0.0,1,,,37.0,65.1,68.1,51.1,,104,
258,Dyami Brown,WAS,WR,25,16,3,0.0,1.0,0.0,0.0,0.0,3.0,26.0,8.67,0.0,40.0,30.0,308.0,10.27,1.0,1.0,1.0,1,,,37.0,67.4,71.4,52.4,,103,
259,Isaiah Davis,NYJ,RB,22,17,0,0.0,0.0,0.0,0.0,0.0,30.0,174.0,5.8,1.0,12.0,9.0,75.0,8.33,1.0,0.0,0.0,2,,,37.0,45.9,48.9,41.4,,71,
260,Dawson Knox,BUF,TE,28,16,13,0.0,0.0,0.0,0.0,0.0,0.0,0.0,,0.0,33.0,22.0,311.0,14.14,1.0,0.0,0.0,1,,,37.0,59.1,62.1,48.1,,39,
261,Dare Ogunbowale,HOU,RB,30,17,1,0.0,0.0,0.0,0.0,0.0,30.0,112.0,3.73,0.0,28.0,19.0,198.0,10.42,1.0,0.0,0.0,1,,,37.0,56.0,62.0,46.5,,70,
262,Grant Calcaterra,PHI,TE,26,17,13,0.0,0.0,0.0,0.0,0.0,0.0,0.0,,0.0,30.0,24.0,298.0,12.42,1.0,0.0,0.0,1,,,36.0,59.8,62.8,47.8,,40,
263,Mike Williams,2TM,WR,30,18,5,0.0,0.0,0.0,0.0,0.0,0.0,0.0,,0.0,34.0,21.0,298.0,14.19,1.0,0.0,0.0,1,,,36.0,56.8,59.8,46.3,,105,
264,Nelson Agholor,BAL,WR,31,14,7,0.0,0.0,0.0,0.0,0.0,0.0,0.0,,0.0,29.0,14.0,231.0,16.5,2.0,0.0,0.0,2,,,35.0,49.1,52.1,42.1,,106,
265,Tyler Johnson,LAR,WR,26,15,2,0.0,0.0,0.0,0.0,0.0,0.0,0.0,,0.0,41.0,26.0,291.0,11.19,1.0,0.0,0.0,1,,,35.0,61.1,64.1,48.1,,107,
266,Colby Parkinson,LAR,TE,25,17,9,0.0,0.0,0.0,0.0,0.0,0.0,0.0,,0.0,49.0,30.0,294.0,9.8,1.0,0.0,0.0,1,,,35.0,65.4,68.4,50.4,,41,
267,JuJu Smith-Schuster,KC,WR,28,14,8,0.0,0.0,0.0,0.0,0.0,0.0,0.0,,0.0,26.0,18.0,231.0,12.83,2.0,0.0,0.0,2,,,35.0,53.1,56.1,44.1,,108,
268,Gabriel Davis,JAC,WR,25,10,9,0.0,0.0,0.0,0.0,0.0,0.0,0.0,,0.0,42.0,20.0,239.0,11.95,2.0,1.0,1.0,2,,,34.0,53.9,57.9,43.9,,109,
269,Tyler Goodson,IND,RB,24,16,0,0.0,0.0,0.0,0.0,0.0,32.0,153.0,4.78,1.0,15.0,11.0,61.0,5.55,1.0,0.0,0.0,2,,,33.0,44.4,47.4,38.9,,72,
270,Lil'Jordan Humphrey,DEN,WR,26,17,7,0.0,0.0,0.0,0.0,0.0,0.0,0.0,,0.0,45.0,31.0,293.0,9.45,1.0,2.0,1.0,1,,,33.0,64.3,68.3,48.8,,110,
271,Christian McCaffrey,SF,RB,28,4,4,0.0,0.0,0.0,0.0,0.0,50.0,202.0,4.04,0.0,19.0,15.0,146.0,9.73,0.0,1.0,1.0,0,,,33.0,47.8,54.8,40.3,,73,
272,Curtis Samuel,BUF,WR,28,14,2,0.0,0.0,0.0,0.0,0.0,5.0,14.0,2.8,0.0,46.0,31.0,253.0,8.16,1.0,0.0,0.0,1,,,33.0,63.7,66.7,48.2,,111,
273,Tommy Tremble,CAR,TE,24,12,11,0.0,0.0,0.0,0.0,0.0,0.0,0.0,,0.0,32.0,23.0,234.0,10.17,2.0,1.0,1.0,2,,,33.0,56.4,60.4,44.9,,42,
274,Josh Whyle,TEN,TE,25,17,4,0.0,0.0,0.0,0.0,0.0,0.0,0.0,,0.0,37.0,28.0,248.0,8.86,1.0,0.0,0.0,1,1.0,,33.0,60.8,63.8,46.8,,43,
275,Nick Vannett,TEN,TE,31,17,10,0.0,0.0,0.0,0.0,0.0,0.0,0.0,,0.0,20.0,17.0,135.0,7.94,3.0,0.0,0.0,3,,,32.0,48.5,51.5,40.0,,44,
276,Chris Brooks,GB,RB,24,15,0,0.0,0.0,0.0,0.0,0.0,36.0,183.0,5.08,1.0,13.0,11.0,69.0,6.27,0.0,0.0,0.0,1,,,31.0,42.2,45.2,36.7,,74,
277,Joshua Dobbs,SF,QB,29,2,1,32.0,47.0,361.0,2.0,2.0,9.0,24.0,2.67,2.0,0.0,0.0,0.0,,0.0,2.0,1.0,2,,,31.0,30.8,36.8,32.8,,48,
278,John Metchie,HOU,WR,24,13,3,0.0,0.0,0.0,0.0,0.0,0.0,0.0,,0.0,37.0,24.0,254.0,10.58,1.0,1.0,0.0,1,,,31.0,55.4,58.4,43.4,,112,
279,Adonai Mitchell,IND,WR,22,17,7,1.0,1.0,24.0,0.0,0.0,4.0,6.0,1.5,0.0,55.0,23.0,312.0,13.57,0.0,2.0,1.0,0,,,31.0,53.8,57.8,42.3,,114,
280,Chris Rodriguez,WAS,RB,24,9,0,0.0,0.0,0.0,0.0,0.0,35.0,173.0,4.94,2.0,1.0,1.0,12.0,12.0,0.0,0.0,0.0,2,,,31.0,31.5,34.5,31.0,,75,
281,Adam Trautman,DEN,TE,27,17,14,0.0,0.0,0.0,0.0,0.0,0.0,0.0,,0.0,22.0,13.0,188.0,14.46,2.0,0.0,0.0,2,,,31.0,43.8,46.8,37.3,,45,
282,DJ Turner,LV,WR,27,12,6,0.0,0.0,0.0,0.0,0.0,5.0,33.0,6.6,1.0,29.0,16.0,158.0,9.88,1.0,1.0,0.0,2,,,31.0,47.1,50.1,39.1,,113,
283,Jordan Whittington,LAR,WR,24,15,3,0.0,0.0,0.0,0.0,0.0,2.0,12.0,6.0,0.0,28.0,22.0,293.0,13.32,0.0,0.0,0.0,0,,,31.0,52.5,55.5,41.5,,115,
284,Nate Adkins,DEN,TE,25,17,10,0.0,0.0,0.0,0.0,0.0,0.0,0.0,,0.0,15.0,14.0,115.0,8.21,3.0,0.0,0.0,3,,,30.0,43.5,46.5,36.5,,47,
285,Hassan Haskins,LAC,RB,25,17,0,0.0,0.0,0.0,0.0,0.0,34.0,89.0,2.62,2.0,3.0,3.0,49.0,16.33,1.0,1.0,1.0,3,,,30.0,32.8,33.8,31.3,,76,
286,Luke Schoonmaker,DAL,TE,26,17,6,0.0,0.0,0.0,0.0,0.0,0.0,0.0,,0.0,36.0,27.0,241.0,8.93,1.0,0.0,0.0,1,,,30.0,57.1,60.1,43.6,,46,
287,Cedrick Wilson Jr.,NO,WR,29,15,4,1.0,1.0,21.0,1.0,0.0,0.0,0.0,,0.0,27.0,20.0,211.0,10.55,1.0,1.0,1.0,1,,,30.0,49.9,53.9,39.9,,116,
288,Elijah Higgins,ARI,TE,24,17,6,0.0,0.0,0.0,0.0,0.0,0.0,0.0,,0.0,24.0,20.0,172.0,8.6,2.0,0.0,0.0,2,,,29.0,49.2,52.2,39.2,,48,
289,Tanner McKee,PHI,QB,24,2,1,30.0,45.0,323.0,4.0,0.0,5.0,-1.0,-0.2,0.0,0.0,0.0,0.0,,0.0,0.0,0.0,0,,,29.0,28.8,31.8,28.8,,49,
290,Malik Washington,MIA,WR,23,14,3,0.0,0.0,0.0,0.0,0.0,5.0,25.0,5.0,1.0,36.0,26.0,223.0,8.58,0.0,1.0,1.0,1,,,29.0,54.8,58.8,41.8,,117,
291,Kimani Vidal,LAC,RB,23,10,0,0.0,0.0,0.0,0.0,0.0,43.0,155.0,3.6,0.0,9.0,5.0,62.0,12.4,1.0,1.0,0.0,1,,,28.0,32.7,35.7,30.2,,78,
292,Jamaal Williams,NO,RB,29,14,1,0.0,0.0,0.0,0.0,0.0,48.0,164.0,3.42,1.0,11.0,9.0,57.0,6.33,0.0,0.0,0.0,1,,,28.0,37.1,40.1,32.6,,77,
293,Blake Corum,LAR,RB,24,17,1,0.0,0.0,0.0,0.0,0.0,58.0,207.0,3.57,0.0,8.0,7.0,58.0,8.29,0.0,0.0,0.0,0,,,27.0,33.5,36.5,30.0,,81,
294,Derius Davis,LAC,WR,24,15,2,0.0,0.0,0.0,0.0,0.0,12.0,39.0,3.25,0.0,17.0,13.0,112.0,8.62,2.0,3.0,0.0,2,,,27.0,40.1,43.1,33.6,,118,
295,D'Onta Foreman,CLE,RB,28,11,3,0.0,0.0,0.0,0.0,0.0,71.0,232.0,3.27,0.0,8.0,6.0,54.0,9.0,0.0,2.0,1.0,0,,,27.0,32.6,36.6,29.6,,80,
296,Patrick Taylor,SF,RB,26,13,1,0.0,0.0,0.0,0.0,0.0,39.0,183.0,4.69,1.0,11.0,3.0,25.0,8.33,0.0,0.0,0.0,1,,,27.0,29.8,32.8,28.3,,79,
297,Johnny Mundt,MIN,TE,30,17,3,0.0,0.0,0.0,0.0,0.0,0.0,0.0,,0.0,27.0,19.0,142.0,7.47,2.0,0.0,0.0,2,,,26.0,45.2,48.2,35.7,,49,
298,Cordarrelle Patterson,PIT,RB,33,13,1,0.0,0.0,0.0,0.0,0.0,32.0,135.0,4.22,0.0,14.0,12.0,80.0,6.67,1.0,1.0,1.0,1,,,26.0,37.5,41.5,31.5,,82,
299,Darnell Washington,PIT,TE,23,17,9,0.0,0.0,0.0,0.0,0.0,0.0,0.0,,0.0,25.0,19.0,200.0,10.53,1.0,0.0,0.0,1,,,26.0,45.0,48.0,35.5,,50,
300,Michael Carter,ARI,RB,25,3,1,0.0,0.0,0.0,0.0,0.0,35.0,131.0,3.74,1.0,11.0,11.0,57.0,5.18,0.0,0.0,0.0,1,,,25.0,35.8,38.8,30.3,,83,
301,KhaDarel Hodge,ATL,WR,29,17,2,0.0,0.0,0.0,0.0,0.0,0.0,0.0,,0.0,12.0,7.0,131.0,18.71,1.0,0.0,0.0,2,,,25.0,32.1,35.1,28.6,,121,
302,Ryan Miller,TB,WR,24,11,3,0.0,0.0,0.0,0.0,0.0,0.0,0.0,,0.0,20.0,12.0,128.0,10.67,2.0,0.0,0.0,2,,,25.0,36.8,39.8,30.8,,122,
303,Kenny Pickett,PHI,QB,26,5,1,25.0,42.0,291.0,2.0,1.0,9.0,15.0,1.67,1.0,0.0,0.0,0.0,,0.0,1.0,0.0,1,,,25.0,25.1,26.1,26.1,,50,
304,Josh Reynolds,2TM,WR,29,9,2,0.0,0.0,0.0,0.0,0.0,0.0,0.0,,0.0,24.0,13.0,194.0,14.92,1.0,0.0,0.0,1,,,25.0,38.4,41.4,31.9,,119,
305,Tylan Wallace,BAL,WR,25,17,0,0.0,0.0,0.0,0.0,0.0,0.0,0.0,,0.0,12.0,11.0,193.0,17.55,1.0,1.0,0.0,1,,,25.0,36.3,39.3,30.8,,120,
306,Jalen Brooks,DAL,WR,24,14,1,0.0,0.0,0.0,0.0,0.0,0.0,0.0,,0.0,30.0,12.0,177.0,14.75,1.0,0.0,0.0,1,,,24.0,35.7,38.7,29.7,,123,
307,Payne Durham,TB,TE,24,16,6,0.0,0.0,0.0,0.0,0.0,0.0,0.0,,0.0,14.0,11.0,115.0,10.45,2.0,1.0,0.0,2,,,24.0,34.5,37.5,29.0,,51,
308,D'Ernest Johnson,JAC,RB,28,14,1,0.0,0.0,0.0,0.0,0.0,32.0,143.0,4.47,0.0,19.0,12.0,96.0,8.0,0.0,0.0,0.0,0,,,24.0,35.9,38.9,29.9,,85,
309,Kendre Miller,NO,RB,22,6,2,0.0,0.0,0.0,0.0,0.0,39.0,148.0,3.79,1.0,8.0,5.0,33.0,6.6,0.0,0.0,0.0,1,,,24.0,29.1,32.1,26.6,,84,
310,Jaylen Wright,MIA,RB,21,15,1,0.0,0.0,0.0,0.0,0.0,68.0,249.0,3.66,0.0,6.0,3.0,8.0,2.67,0.0,1.0,1.0,0,,,24.0,26.7,30.7,25.2,,86,
311,Jahan Dotson,PHI,WR,24,17,6,0.0,0.0,0.0,0.0,0.0,1.0,13.0,13.0,0.0,33.0,19.0,216.0,11.37,0.0,0.0,0.0,0,,,23.0,41.9,44.9,32.4,,125,
312,Trey Palmer,TB,WR,23,15,3,0.0,0.0,0.0,0.0,0.0,0.0,0.0,,0.0,22.0,12.0,172.0,14.33,1.0,1.0,0.0,1,,,23.0,35.2,38.2,29.2,,124,
313,Zamir White,LV,RB,25,8,5,0.0,0.0,0.0,0.0,0.0,65.0,183.0,2.82,1.0,8.0,6.0,30.0,5.0,0.0,2.0,2.0,1,,,23.0,29.3,34.3,26.3,,87,
314,Ty Chandler,MIN,RB,26,17,0,0.0,0.0,0.0,0.0,0.0,56.0,182.0,3.25,0.0,6.0,6.0,42.0,7.0,0.0,0.0,0.0,0,,,22.0,28.4,31.4,25.4,,88,
315,Malik Heath,GB,WR,24,13,1,0.0,0.0,0.0,0.0,0.0,0.0,0.0,,0.0,13.0,10.0,97.0,9.7,2.0,0.0,0.0,2,,,22.0,31.7,31.7,26.7,,126,
316,Khalil Herbert,2TM,RB,26,14,1,0.0,0.0,0.0,0.0,0.0,36.0,130.0,3.61,1.0,11.0,10.0,25.0,2.5,0.0,1.0,0.0,1,,,22.0,31.5,34.5,26.5,,89,
317,Desmond Ridder,LV,QB,25,6,1,52.0,85.0,458.0,2.0,2.0,9.0,36.0,4.0,0.0,0.0,0.0,0.0,,0.0,3.0,2.0,0,,,22.0,21.9,28.9,23.9,,51,
318,Brock Wright,DET,TE,26,17,8,0.0,0.0,0.0,0.0,0.0,0.0,0.0,,0.0,16.0,13.0,100.0,7.69,2.0,0.0,0.0,2,,,22.0,35.0,38.0,28.5,,52,
319,Mo Alie-Cox,IND,TE,31,17,13,0.0,0.0,0.0,0.0,0.0,0.0,0.0,,0.0,22.0,12.0,147.0,12.25,1.0,0.0,0.0,1,,,21.0,32.7,35.7,26.7,,53,
320,Mecole Hardman,KC,WR,26,12,0,0.0,0.0,0.0,0.0,0.0,5.0,62.0,12.4,1.0,14.0,12.0,90.0,7.5,0.0,0.0,0.0,1,,,21.0,33.2,33.2,27.2,,127,
321,Sincere McCormick,LV,RB,24,5,2,0.0,0.0,0.0,0.0,0.0,39.0,183.0,4.69,0.0,7.0,6.0,29.0,4.83,0.0,0.0,0.0,0,,,21.0,27.2,30.2,24.2,,90,
